benchmark,generation
RebeccaGuay,"SELECT uuid FROM cards WHERE artist = ""Rebecca Guay"""
StephenDaniele,"SELECT uuid FROM cards WHERE artist = ""Stephen Daniele"""
JohnAvon,"SELECT uuid FROM cards WHERE artist = ""John Avon"""
RogerRaupp,"SELECT uuid FROM cards WHERE artist = ""Roger Raupp"""
ChristopherMoeller,"SELECT uuid FROM cards WHERE artist = ""Christopher Moeller"""
AdamRex,"SELECT uuid FROM cards WHERE artist = ""Adam Rex"""
KevWalker,"SELECT uuid FROM cards WHERE artist = ""Kev Walker"""
JimMurray,"SELECT uuid FROM cards WHERE artist = ""Jim Murray"""
GregStaples,"SELECT uuid FROM cards WHERE artist = ""Greg Staples"""
PeteVenters,"SELECT uuid FROM cards WHERE artist = ""Pete Venters"""
VolkanBaa,"SELECT uuid FROM cards WHERE artist = ""Volkan Baǵa"""
AlanPollack,"SELECT uuid FROM cards WHERE artist = ""Alan Pollack"""
MarkZug,"SELECT uuid FROM cards WHERE artist = ""Mark Zug"""
DanDosSantos,"SELECT uuid FROM cards WHERE artist = ""Dan Dos Santos"""
JustinSweet,"SELECT uuid FROM cards WHERE artist = ""Justin Sweet"""
RayLago,"SELECT uuid FROM cards WHERE artist = ""Ray Lago"""
DAlexanderGregory,"SELECT uuid FROM cards WHERE artist = ""D. Alexander Gregory"""
rkpost,"SELECT uuid FROM cards WHERE artist = ""rk post"""
GregHildebrandt,"SELECT uuid FROM cards WHERE artist = ""Greg Hildebrandt"""
MatthewDWilson,"SELECT uuid FROM cards WHERE artist = ""Matthew D. Wilson"""
DarrellRiche,"SELECT uuid FROM cards WHERE artist = ""Darrell Riche"""
RobAlexander,"SELECT uuid FROM cards WHERE artist = ""Rob Alexander"""
ZoltanBorosGaborSzikszai,"SELECT uuid FROM cards WHERE artist = ""Zoltan Boros & Gabor Szikszai"""
MarceloVignali,"SELECT uuid FROM cards WHERE artist = ""Marcelo Vignali"""
PaoloParente,"SELECT uuid FROM cards WHERE artist = ""Paolo Parente"""
AlexHorleyOrlandelli,"SELECT uuid FROM cards WHERE artist = ""Alex Horley-Orlandelli"""
Daarken,"SELECT uuid FROM cards WHERE artist = ""Daarken"""
TereseNielsen,"SELECT uuid FROM cards WHERE artist = ""Terese Nielsen"""
ArnieSwekel,"SELECT uuid FROM cards WHERE artist = ""Arnie Swekel"""
BenThompson,"SELECT uuid FROM cards WHERE artist = ""Ben Thompson"""
ScottBailey,"SELECT uuid FROM cards WHERE artist = ""Scott Bailey"""
MarkPoole,"SELECT uuid FROM cards WHERE artist = ""Mark Poole"""
ChristopherRush,"SELECT uuid FROM cards WHERE artist = ""Christopher Rush"""
JimNelson,"SELECT uuid FROM cards WHERE artist = ""Jim Nelson"""
MichaelSutfin,"SELECT uuid FROM cards WHERE artist = ""Michael Sutfin"""
StevenBelledin,"SELECT uuid FROM cards WHERE artist = ""Steven Belledin"""
CyrilVanDerHaegen,"SELECT uuid FROM cards WHERE artist = ""Cyril Van Der Haegen"""
ScottMFischer,"SELECT uuid FROM cards WHERE artist = ""Scott M. Fischer"""
LarsGrantWest,"SELECT uuid FROM cards WHERE artist = ""Lars Grant-West"""
MarkTedin,"SELECT uuid FROM cards WHERE artist = ""Mark Tedin"""
DarenBader,"SELECT uuid FROM cards WHERE artist = ""Daren Bader"""
Chippy,"SELECT uuid FROM cards WHERE artist = ""Chippy"""
MattThompson,"SELECT uuid FROM cards WHERE artist = ""Matt Thompson"""
ThomasMBaxa,"SELECT uuid FROM cards WHERE artist = ""Thomas M. Baxa"""
RandyGallegos,"SELECT uuid FROM cards WHERE artist = ""Randy Gallegos"""
WayneEngland,"SELECT uuid FROM cards WHERE artist = ""Wayne England"""
RichardSardinha,"SELECT uuid FROM cards WHERE artist = ""Richard Sardinha"""
GaryRuddell,"SELECT uuid FROM cards WHERE artist = ""Gary Ruddell"""
RonSpencer,"SELECT uuid FROM cards WHERE artist = ""Ron Spencer"""
JeremyJarvis,"SELECT uuid FROM cards WHERE artist = ""Jeremy Jarvis"""
JimPavelec,"SELECT uuid FROM cards WHERE artist = ""Jim Pavelec"""
CarlCritchlow,"SELECT uuid FROM cards WHERE artist = ""Carl Critchlow"""
AnthonySWaters,"SELECT uuid FROM cards WHERE artist = ""Anthony S. Waters"""
FranzVohwinkel,"SELECT uuid FROM cards WHERE artist = ""Franz Vohwinkel"""
StephanMartiniere,"SELECT uuid FROM cards WHERE artist = ""Stephan Martiniere"""
StephenTappin,"SELECT uuid FROM cards WHERE artist = ""Stephen Tappin"""
AleksiBriclot,"SELECT uuid FROM cards WHERE artist = ""Aleksi Briclot"""
DaveDorman,"SELECT uuid FROM cards WHERE artist = ""Dave Dorman"""
BrianDespain,"SELECT uuid FROM cards WHERE artist = ""Brian Despain"""
JonJMuth,"SELECT uuid FROM cards WHERE artist = ""Jon J Muth"""
DanScott,"SELECT uuid FROM cards WHERE artist = ""Dan Scott"""
MattCavotta,"SELECT uuid FROM cards WHERE artist = ""Matt Cavotta"""
JohnMatson,"SELECT uuid FROM cards WHERE artist = ""John Matson"""
Ittoku,"SELECT uuid FROM cards WHERE artist = ""Ittoku"""
RobertBliss,"SELECT uuid FROM cards WHERE artist = ""Robert Bliss"""
RonSpears,"SELECT uuid FROM cards WHERE artist = ""Ron Spears"""
DiTerlizzi,"SELECT uuid FROM cards WHERE artist = ""DiTerlizzi"""
Puddnhead,"SELECT uuid FROM cards WHERE artist = ""Puddnhead"""
DermotPower,"SELECT uuid FROM cards WHERE artist = ""Dermot Power"""
DJClelandHura,"SELECT uuid FROM cards WHERE artist = ""D. J. Cleland-Hura"""
LucaZontini,"SELECT uuid FROM cards WHERE artist = ""Luca Zontini"""
Brom,"SELECT uuid FROM cards WHERE artist = ""Brom"""
ScottKirschner,"SELECT uuid FROM cards WHERE artist = ""Scott Kirschner"""
RalphHorsley,"SELECT uuid FROM cards WHERE artist = ""Ralph Horsley"""
JohnHowe,"SELECT uuid FROM cards WHERE artist = ""John Howe"""
DonatoGiancola,"SELECT uuid FROM cards WHERE artist = ""Donato Giancola"""
MartinaPilcerova,"SELECT uuid FROM cards WHERE artist = ""Martina Pilcerova"""
HeatherHudson,"SELECT uuid FROM cards WHERE artist = ""Heather Hudson"""
BrianSnddy,"SELECT uuid FROM cards WHERE artist = ""Brian Snõddy"""
DougChaffee,"SELECT uuid FROM cards WHERE artist = ""Doug Chaffee"""
FrancisTsai,"SELECT uuid FROM cards WHERE artist = ""Francis Tsai"""
JeffMiracola,"SELECT uuid FROM cards WHERE artist = ""Jeff Miracola"""
JohnZeleznik,"SELECT uuid FROM cards WHERE artist = ""John Zeleznik"""
LucioParrillo,"SELECT uuid FROM cards WHERE artist = ""Lucio Parrillo"""
NickPercival,"SELECT uuid FROM cards WHERE artist = ""Nick Percival"""
TristanElwell,"SELECT uuid FROM cards WHERE artist = ""Tristan Elwell"""
JeffEasley,"SELECT uuid FROM cards WHERE artist = ""Jeff Easley"""
LarryElmore,"SELECT uuid FROM cards WHERE artist = ""Larry Elmore"""
MikeDringenberg,"SELECT uuid FROM cards WHERE artist = ""Mike Dringenberg"""
SteveLuke,"SELECT uuid FROM cards WHERE artist = ""Steve Luke"""
MikePloog,"SELECT uuid FROM cards WHERE artist = ""Mike Ploog"""
GlenAngus,"SELECT uuid FROM cards WHERE artist = ""Glen Angus"""
JeffreyRBusch,"SELECT uuid FROM cards WHERE artist = ""Jeffrey R. Busch"""
TimHildebrandt,"SELECT uuid FROM cards WHERE artist = ""Tim Hildebrandt"""
DanaKnutson,"SELECT uuid FROM cards WHERE artist = ""Dana Knutson"""
DaveKendall,"SELECT uuid FROM cards WHERE artist = ""Dave Kendall"""
WilliamOConnor,"SELECT uuid FROM cards WHERE artist = ""William O'Connor"""
HannibalKing,"SELECT uuid FROM cards WHERE artist = ""Hannibal King"""
TomFleming,"SELECT uuid FROM cards WHERE artist = ""Tom Fleming"""
RichardWright,"SELECT uuid FROM cards WHERE artist = ""Richard Wright"""
ToddLockwood,"SELECT uuid FROM cards WHERE artist = ""Todd Lockwood"""
EricPeterson,"SELECT uuid FROM cards WHERE artist = ""Eric Peterson"""
NelsonDeCastro,"SELECT uuid FROM cards WHERE artist = ""Nelson DeCastro"""
MarkBrill,"SELECT uuid FROM cards WHERE artist = ""Mark Brill"""
AnsonMaddocks,"SELECT uuid FROM cards WHERE artist = ""Anson Maddocks"""
SteveFirchow,"SELECT uuid FROM cards WHERE artist = ""Steve Firchow"""
DanyOrizio,"SELECT uuid FROM cards WHERE artist = ""Dany Orizio"""
JonFoster,"SELECT uuid FROM cards WHERE artist = ""Jon Foster"""
VanceKovacs,"SELECT uuid FROM cards WHERE artist = ""Vance Kovacs"""
NilsHamm,"SELECT uuid FROM cards WHERE artist = ""Nils Hamm"""
AndrewGoldhawk,"SELECT uuid FROM cards WHERE artist = ""Andrew Goldhawk"""
MichaelKoelsch,"SELECT uuid FROM cards WHERE artist = ""Michael Koelsch"""
MichaelKomarck,"SELECT uuid FROM cards WHERE artist = ""Michael Komarck"""
WayneReynolds,"SELECT uuid FROM cards WHERE artist = ""Wayne Reynolds"""
UnaFricker,"SELECT uuid FROM cards WHERE artist = ""Una Fricker"""
SteveWhite,"SELECT uuid FROM cards WHERE artist = ""Steve White"""
RichardThomas,"SELECT uuid FROM cards WHERE artist = ""Richard Thomas"""
DouglasShuler,"SELECT uuid FROM cards WHERE artist = ""Douglas Shuler"""
DanFrazier,"SELECT uuid FROM cards WHERE artist = ""Dan Frazier"""
AmyWeber,"SELECT uuid FROM cards WHERE artist = ""Amy Weber"""
JesperMyrfors,"SELECT uuid FROM cards WHERE artist = ""Jesper Myrfors"""
JeffAMenges,"SELECT uuid FROM cards WHERE artist = ""Jeff A. Menges"""
JulieBaroh,"SELECT uuid FROM cards WHERE artist = ""Julie Baroh"""
DameonWillich,"SELECT uuid FROM cards WHERE artist = ""Dameon Willich"""
SandraEveringham,"SELECT uuid FROM cards WHERE artist = ""Sandra Everingham"""
DrewTucker,"SELECT uuid FROM cards WHERE artist = ""Drew Tucker"""
DanielGelon,"SELECT uuid FROM cards WHERE artist = ""Daniel Gelon"""
QuintonHoover,"SELECT uuid FROM cards WHERE artist = ""Quinton Hoover"""
KevBrockschmidt,"SELECT uuid FROM cards WHERE artist = ""Kev Brockschmidt"""
MelissaABenson,"SELECT uuid FROM cards WHERE artist = ""Melissa A. Benson"""
AndiRusu,"SELECT uuid FROM cards WHERE artist = ""Andi Rusu"""
CorneliusBrudi,"SELECT uuid FROM cards WHERE artist = ""Cornelius Brudi"""
TomWnerstrand,"SELECT uuid FROM cards WHERE artist = ""Tom Wänerstrand"""
FayJones,"SELECT uuid FROM cards WHERE artist = ""Fay Jones"""
SusanVanCamp,"SELECT uuid FROM cards WHERE artist = ""Susan Van Camp"""
KajaFoglio,"SELECT uuid FROM cards WHERE artist = ""Kaja Foglio"""
NNThomas,"SELECT uuid FROM cards WHERE artist = ""NéNé Thomas"""
MargaretOrganKean,"SELECT uuid FROM cards WHERE artist = ""Margaret Organ-Kean"""
KenMeyerJr,"SELECT uuid FROM cards WHERE artist = ""Ken Meyer, Jr."""
JustinHampton,"SELECT uuid FROM cards WHERE artist = ""Justin Hampton"""
KerstinKaman,"SELECT uuid FROM cards WHERE artist = ""Kerstin Kaman"""
HaroldMcNeill,"SELECT uuid FROM cards WHERE artist = ""Harold McNeill"""
RandyAsplundFaith,"SELECT uuid FROM cards WHERE artist = ""Randy Asplund-Faith"""
EdwardPBeardJr,"SELECT uuid FROM cards WHERE artist = ""Edward P. Beard, Jr."""
MikeKimble,"SELECT uuid FROM cards WHERE artist = ""Mike Kimble"""
DennisDetwiller,"SELECT uuid FROM cards WHERE artist = ""Dennis Detwiller"""
PhilFoglio,"SELECT uuid FROM cards WHERE artist = ""Phil Foglio"""
KajaFoglioPhilFoglio,"SELECT uuid FROM cards WHERE artist = ""Kaja Foglio & Phil Foglio"""
MarkANelson,"SELECT uuid FROM cards WHERE artist = ""Mark A. Nelson"""
Nottsuo,"SELECT uuid FROM cards WHERE artist = ""Nottsuo"""
DavidMartin,"SELECT uuid FROM cards WHERE artist = ""David Martin"""
TonySzczudlo,"SELECT uuid FROM cards WHERE artist = ""Tony Szczudlo"""
TomasGiorello,"SELECT uuid FROM cards WHERE artist = ""Tomas Giorello"""
GeorgePratt,"SELECT uuid FROM cards WHERE artist = ""George Pratt"""
GaryLeach,"SELECT uuid FROM cards WHERE artist = ""Gary Leach"""
StuartGriffin,"SELECT uuid FROM cards WHERE artist = ""Stuart Griffin"""
CharlesGillespie,"SELECT uuid FROM cards WHERE artist = ""Charles Gillespie"""
RichardKaneFerguson,"SELECT uuid FROM cards WHERE artist = ""Richard Kane Ferguson"""
IanMiller,"SELECT uuid FROM cards WHERE artist = ""Ian Miller"""
ZakPlucinski,"SELECT uuid FROM cards WHERE artist = ""Zak Plucinski"""
DougKeith,"SELECT uuid FROM cards WHERE artist = ""Doug Keith"""
JanineJohnston,"SELECT uuid FROM cards WHERE artist = ""Janine Johnston"""
AdrianSmith,"SELECT uuid FROM cards WHERE artist = ""Adrian Smith"""
AllenWilliams,"SELECT uuid FROM cards WHERE artist = ""Allen Williams"""
AlanRabinowitz,"SELECT uuid FROM cards WHERE artist = ""Alan Rabinowitz"""
DavidSeeley,"SELECT uuid FROM cards WHERE artist = ""David Seeley"""
JohnCoulthart,"SELECT uuid FROM cards WHERE artist = ""John Coulthart"""
DavidOConnor,"SELECT uuid FROM cards WHERE artist = ""David O'Connor"""
GerryGrace,"SELECT uuid FROM cards WHERE artist = ""Gerry Grace"""
ClintLangley,"SELECT uuid FROM cards WHERE artist = ""Clint Langley"""
AndrewRobinson,"SELECT uuid FROM cards WHERE artist = ""Andrew Robinson"""
MikeRaabe,"SELECT uuid FROM cards WHERE artist = ""Mike Raabe"""
JamesAllen,"SELECT uuid FROM cards WHERE artist = ""James Allen"""
JerryTiritilli,"SELECT uuid FROM cards WHERE artist = ""Jerry Tiritilli"""
LizDanforth,"SELECT uuid FROM cards WHERE artist = ""Liz Danforth"""
BobEggleton,"SELECT uuid FROM cards WHERE artist = ""Bob Eggleton"""
ThomasGianni,"SELECT uuid FROM cards WHERE artist = ""Thomas Gianni"""
GregSimanson,"SELECT uuid FROM cards WHERE artist = ""Greg Simanson"""
ZinaSaunders,"SELECT uuid FROM cards WHERE artist = ""Zina Saunders"""
MikeKerr,"SELECT uuid FROM cards WHERE artist = ""Mike Kerr"""
JWFrost,"SELECT uuid FROM cards WHERE artist = ""J. W. Frost"""
RuthThompson,"SELECT uuid FROM cards WHERE artist = ""Ruth Thompson"""
PatMorrissey,"SELECT uuid FROM cards WHERE artist = ""Pat Morrissey"""
DavidACherry,"SELECT uuid FROM cards WHERE artist = ""David A. Cherry"""
TomKyffin,"SELECT uuid FROM cards WHERE artist = ""Tom Kyffin"""
TonyRoberts,"SELECT uuid FROM cards WHERE artist = ""Tony Roberts"""
BlackiedelRio,"SELECT uuid FROM cards WHERE artist = ""Blackie del Rio"""
ColinMacNeil,"SELECT uuid FROM cards WHERE artist = ""Colin MacNeil"""
WilliamDonohoe,"SELECT uuid FROM cards WHERE artist = ""William Donohoe"""
GeofreyDarrow,"SELECT uuid FROM cards WHERE artist = ""Geofrey Darrow"""
JasonAlexanderBehnke,"SELECT uuid FROM cards WHERE artist = ""Jason Alexander Behnke"""
CraigHooper,"SELECT uuid FROM cards WHERE artist = ""Craig Hooper"""
JohnBolton,"SELECT uuid FROM cards WHERE artist = ""John Bolton"""
CliffNielsen,"SELECT uuid FROM cards WHERE artist = ""Cliff Nielsen"""
DavidHo,"SELECT uuid FROM cards WHERE artist = ""David Ho"""
RonChironna,"SELECT uuid FROM cards WHERE artist = ""Ron Chironna"""
BrianDurfee,"SELECT uuid FROM cards WHERE artist = ""Brian Durfee"""
FredFields,"SELECT uuid FROM cards WHERE artist = ""Fred Fields"""
Dom,"SELECT uuid FROM cards WHERE artist = ""Dom!"""
BrianHorton,"SELECT uuid FROM cards WHERE artist = ""Brian Horton"""
GeofreyDarrowIRabarot,"SELECT uuid FROM cards WHERE artist = ""Geofrey Darrow & I. Rabarot"""
CecilFernando,"SELECT uuid FROM cards WHERE artist = ""Cecil Fernando"""
CarolHeyer,"SELECT uuid FROM cards WHERE artist = ""Carol Heyer"""
PatrickKochakji,"SELECT uuid FROM cards WHERE artist = ""Patrick Kochakji"""
RomasKukalis,"SELECT uuid FROM cards WHERE artist = ""Romas Kukalis"""
DylanMartens,"SELECT uuid FROM cards WHERE artist = ""Dylan Martens"""
AlDavidson,"SELECT uuid FROM cards WHERE artist = ""Al Davidson"""
JohnGallagher,"SELECT uuid FROM cards WHERE artist = ""John Gallagher"""
MarcFishman,"SELECT uuid FROM cards WHERE artist = ""Marc Fishman"""
Ciruelo,"SELECT uuid FROM cards WHERE artist = ""Ciruelo"""
MarkRomanoski,"SELECT uuid FROM cards WHERE artist = ""Mark Romanoski"""
GregHildebrandtTimHildebrandt,"SELECT uuid FROM cards WHERE artist = ""Greg Hildebrandt & Tim Hildebrandt"""
RonWalotsky,"SELECT uuid FROM cards WHERE artist = ""Ron Walotsky"""
AaronBoyd,"SELECT uuid FROM cards WHERE artist = ""Aaron Boyd"""
JamesBernardin,"SELECT uuid FROM cards WHERE artist = ""James Bernardin"""
MassimilanoFrezzato,"SELECT uuid FROM cards WHERE artist = ""Massimilano Frezzato"""
DonHazeltine,"SELECT uuid FROM cards WHERE artist = ""Don Hazeltine"""
BradleyWilliams,"SELECT uuid FROM cards WHERE artist = ""Bradley Williams"""
PatrickFaricy,"SELECT uuid FROM cards WHERE artist = ""Patrick Faricy"""
PeterBollinger,"SELECT uuid FROM cards WHERE artist = ""Peter Bollinger"""
KunioHagio,"SELECT uuid FROM cards WHERE artist = ""Kunio Hagio"""
MonteMichaelMoore,"SELECT uuid FROM cards WHERE artist = ""Monte Michael Moore"""
BobPetillo,"SELECT uuid FROM cards WHERE artist = ""Bob Petillo"""
MikeSass,"SELECT uuid FROM cards WHERE artist = ""Mike Sass"""
JunkoTaguchi,"SELECT uuid FROM cards WHERE artist = ""Junko Taguchi"""
Berry,"SELECT uuid FROM cards WHERE artist = ""Berry"""
GlenAngusArnieSwekel,"SELECT uuid FROM cards WHERE artist = ""Glen Angus & Arnie Swekel"""
JoelBiske,"SELECT uuid FROM cards WHERE artist = ""Joel Biske"""
RickFarrell,"SELECT uuid FROM cards WHERE artist = ""Rick Farrell"""
QiaoDafu,"SELECT uuid FROM cards WHERE artist = ""Qiao Dafu"""
MatthewMitchell,"SELECT uuid FROM cards WHERE artist = ""Matthew Mitchell"""
KeithParkinson,"SELECT uuid FROM cards WHERE artist = ""Keith Parkinson"""
KevinMurphy,"SELECT uuid FROM cards WHERE artist = ""Kevin Murphy"""
SamWood,"SELECT uuid FROM cards WHERE artist = ""Sam Wood"""
SimonBisley,"SELECT uuid FROM cards WHERE artist = ""Simon Bisley"""
TedNaifeh,"SELECT uuid FROM cards WHERE artist = ""Ted Naifeh"""
HughJamieson,"SELECT uuid FROM cards WHERE artist = ""Hugh Jamieson"""
ValMayerik,"SELECT uuid FROM cards WHERE artist = ""Val Mayerik"""
RandyElliott,"SELECT uuid FROM cards WHERE artist = ""Randy Elliott"""
EricDeschamps,"SELECT uuid FROM cards WHERE artist = ""Eric Deschamps"""
IainMcCaig,"SELECT uuid FROM cards WHERE artist = ""Iain McCaig"""
CoreyDMacourek,"SELECT uuid FROM cards WHERE artist = ""Corey D. Macourek"""
PatrickHo,"SELECT uuid FROM cards WHERE artist = ""Patrick Ho"""
NicolaLeonard,"SELECT uuid FROM cards WHERE artist = ""Nicola Leonard"""
MagaliVilleneuve,"SELECT uuid FROM cards WHERE artist = ""Magali Villeneuve"""
CraigJSpearing,"SELECT uuid FROM cards WHERE artist = ""Craig J Spearing"""
StevePrescott,"SELECT uuid FROM cards WHERE artist = ""Steve Prescott"""
VincentProce,"SELECT uuid FROM cards WHERE artist = ""Vincent Proce"""
ChrisRahn,"SELECT uuid FROM cards WHERE artist = ""Chris Rahn"""
PeterMohrbacher,"SELECT uuid FROM cards WHERE artist = ""Peter Mohrbacher"""
XiZhang,"SELECT uuid FROM cards WHERE artist = ""Xi Zhang"""
JonasDeRo,"SELECT uuid FROM cards WHERE artist = ""Jonas De Ro"""
WinonaNelson,"SELECT uuid FROM cards WHERE artist = ""Winona Nelson"""
TrevorClaxton,"SELECT uuid FROM cards WHERE artist = ""Trevor Claxton"""
JakubKasper,"SELECT uuid FROM cards WHERE artist = ""Jakub Kasper"""
YeongHaoHan,"SELECT uuid FROM cards WHERE artist = ""Yeong-Hao Han"""
TomaszJedruszek,"SELECT uuid FROM cards WHERE artist = ""Tomasz Jedruszek"""
Izzy,"SELECT uuid FROM cards WHERE artist = ""Izzy"""
ZoltanBoros,"SELECT uuid FROM cards WHERE artist = ""Zoltan Boros"""
SongShikai,"SELECT uuid FROM cards WHERE artist = ""Song Shikai"""
JamesPaick,"SELECT uuid FROM cards WHERE artist = ""James Paick"""
BrandonKitkouski,"SELECT uuid FROM cards WHERE artist = ""Brandon Kitkouski"""
JungPark,"SELECT uuid FROM cards WHERE artist = ""Jung Park"""
ChaseStone,"SELECT uuid FROM cards WHERE artist = ""Chase Stone"""
HowardLyon,"SELECT uuid FROM cards WHERE artist = ""Howard Lyon"""
JasonFelix,"SELECT uuid FROM cards WHERE artist = ""Jason Felix"""
JesperEjsing,"SELECT uuid FROM cards WHERE artist = ""Jesper Ejsing"""
KarlKopinski,"SELECT uuid FROM cards WHERE artist = ""Karl Kopinski"""
ViktorTitov,"SELECT uuid FROM cards WHERE artist = ""Viktor Titov"""
ZackStella,"SELECT uuid FROM cards WHERE artist = ""Zack Stella"""
AnthonyPalumbo,"SELECT uuid FROM cards WHERE artist = ""Anthony Palumbo"""
WarrenMahy,"SELECT uuid FROM cards WHERE artist = ""Warren Mahy"""
MichaelPhillippi,"SELECT uuid FROM cards WHERE artist = ""Michael Phillippi"""
JamaJurabaev,"SELECT uuid FROM cards WHERE artist = ""Jama Jurabaev"""
SebMcKinnon,"SELECT uuid FROM cards WHERE artist = ""Seb McKinnon"""
NoahBradley,"SELECT uuid FROM cards WHERE artist = ""Noah Bradley"""
JasonRainville,"SELECT uuid FROM cards WHERE artist = ""Jason Rainville"""
JohannBodin,"SELECT uuid FROM cards WHERE artist = ""Johann Bodin"""
TitusLunter,"SELECT uuid FROM cards WHERE artist = ""Titus Lunter"""
JehanChoo,"SELECT uuid FROM cards WHERE artist = ""Jehan Choo"""
DavidRapoza,"SELECT uuid FROM cards WHERE artist = ""David Rapoza"""
NaomiBaker,"SELECT uuid FROM cards WHERE artist = ""Naomi Baker"""
RandyVargas,"SELECT uuid FROM cards WHERE artist = ""Randy Vargas"""
AaronMiller,"SELECT uuid FROM cards WHERE artist = ""Aaron Miller"""
JoelThomas,"SELECT uuid FROM cards WHERE artist = ""Joel Thomas"""
BastienLDeharme,"SELECT uuid FROM cards WHERE artist = ""Bastien L. Deharme"""
JasonChan,"SELECT uuid FROM cards WHERE artist = ""Jason Chan"""
MarkWinters,"SELECT uuid FROM cards WHERE artist = ""Mark Winters"""
LucasGraciano,"SELECT uuid FROM cards WHERE artist = ""Lucas Graciano"""
AdamPaquette,"SELECT uuid FROM cards WHERE artist = ""Adam Paquette"""
SlawomirManiak,"SELECT uuid FROM cards WHERE artist = ""Slawomir Maniak"""
JackWang,"SELECT uuid FROM cards WHERE artist = ""Jack Wang"""
SvetlinVelinov,"SELECT uuid FROM cards WHERE artist = ""Svetlin Velinov"""
JonathanKuo,"SELECT uuid FROM cards WHERE artist = ""Jonathan Kuo"""
MattStewart,"SELECT uuid FROM cards WHERE artist = ""Matt Stewart"""
GaoYan,"SELECT uuid FROM cards WHERE artist = ""Gao Yan"""
HideakiTakamura,"SELECT uuid FROM cards WHERE artist = ""Hideaki Takamura"""
SaraWinters,"SELECT uuid FROM cards WHERE artist = ""Sara Winters"""
AnastasiaOvchinnikova,"SELECT uuid FROM cards WHERE artist = ""Anastasia Ovchinnikova"""
CarlFrank,"SELECT uuid FROM cards WHERE artist = ""Carl Frank"""
ScottChou,"SELECT uuid FROM cards WHERE artist = ""Scott Chou"""
DrewBaker,"SELECT uuid FROM cards WHERE artist = ""Drew Baker"""
RyanAlexanderLee,"SELECT uuid FROM cards WHERE artist = ""Ryan Alexander Lee"""
ClintCearley,"SELECT uuid FROM cards WHERE artist = ""Clint Cearley"""
PhilipStraub,"SELECT uuid FROM cards WHERE artist = ""Philip Straub"""
RyanYee,"SELECT uuid FROM cards WHERE artist = ""Ryan Yee"""
MarcSimonetti,"SELECT uuid FROM cards WHERE artist = ""Marc Simonetti"""
SteveArgyle,"SELECT uuid FROM cards WHERE artist = ""Steve Argyle"""
PhillSimmer,"SELECT uuid FROM cards WHERE artist = ""Phill Simmer"""
TylerJacobson,"SELECT uuid FROM cards WHERE artist = ""Tyler Jacobson"""
DaveDeVries,"SELECT uuid FROM cards WHERE artist = ""Dave DeVries"""
JasonKang,"SELECT uuid FROM cards WHERE artist = ""Jason Kang"""
GrzegorzRutkowski,"SELECT uuid FROM cards WHERE artist = ""Grzegorz Rutkowski"""
JanaSchirmerJohannesVoss,"SELECT uuid FROM cards WHERE artist = ""Jana Schirmer & Johannes Voss"""
DavidPalumbo,"SELECT uuid FROM cards WHERE artist = ""David Palumbo"""
WillianMurai,"SELECT uuid FROM cards WHERE artist = ""Willian Murai"""
ChrisRallis,"SELECT uuid FROM cards WHERE artist = ""Chris Rallis"""
KieranYanner,"SELECT uuid FROM cards WHERE artist = ""Kieran Yanner"""
EricaYang,"SELECT uuid FROM cards WHERE artist = ""Erica Yang"""
KarlaOrtiz,"SELECT uuid FROM cards WHERE artist = ""Karla Ortiz"""
JasonAEngle,"SELECT uuid FROM cards WHERE artist = ""Jason A. Engle"""
EMGist,"SELECT uuid FROM cards WHERE artist = ""E. M. Gist"""
VictorAdameMinguez,"SELECT uuid FROM cards WHERE artist = ""Victor Adame Minguez"""
SidharthChaturvedi,"SELECT uuid FROM cards WHERE artist = ""Sidharth Chaturvedi"""
YongjaeChoi,"SELECT uuid FROM cards WHERE artist = ""Yongjae Choi"""
JamesRyman,"SELECT uuid FROM cards WHERE artist = ""James Ryman"""
ChristineChoi,"SELECT uuid FROM cards WHERE artist = ""Christine Choi"""
GregOpalinski,"SELECT uuid FROM cards WHERE artist = ""Greg Opalinski"""
AnnaSteinbauer,"SELECT uuid FROM cards WHERE artist = ""Anna Steinbauer"""
ScottMurphy,"SELECT uuid FROM cards WHERE artist = ""Scott Murphy"""
EfflamMercier,"SELECT uuid FROM cards WHERE artist = ""Efflam Mercier"""
WesleyBurt,"SELECT uuid FROM cards WHERE artist = ""Wesley Burt"""
TonyFoti,"SELECT uuid FROM cards WHERE artist = ""Tony Foti"""
JohnSeverinBrassell,"SELECT uuid FROM cards WHERE artist = ""John Severin Brassell"""
JosephMeehan,"SELECT uuid FROM cards WHERE artist = ""Joseph Meehan"""
CliffChilds,"SELECT uuid FROM cards WHERE artist = ""Cliff Childs"""
JohnStanko,"SELECT uuid FROM cards WHERE artist = ""John Stanko"""
JohannesVoss,"SELECT uuid FROM cards WHERE artist = ""Johannes Voss"""
RyanPancoast,"SELECT uuid FROM cards WHERE artist = ""Ryan Pancoast"""
JoshHass,"SELECT uuid FROM cards WHERE artist = ""Josh Hass"""
MinYum,"SELECT uuid FROM cards WHERE artist = ""Min Yum"""
BradRigney,"SELECT uuid FROM cards WHERE artist = ""Brad Rigney"""
JohnSilva,"SELECT uuid FROM cards WHERE artist = ""John Silva"""
ZezhouChen,"SELECT uuid FROM cards WHERE artist = ""Zezhou Chen"""
FilipBurburan,"SELECT uuid FROM cards WHERE artist = ""Filip Burburan"""
JaimeJones,"SELECT uuid FROM cards WHERE artist = ""Jaime Jones"""
DarekZabrocki,"SELECT uuid FROM cards WHERE artist = ""Darek Zabrocki"""
LakeHurwitz,"SELECT uuid FROM cards WHERE artist = ""Lake Hurwitz"""
LiusLasahido,"SELECT uuid FROM cards WHERE artist = ""Lius Lasahido"""
DeruchenkoAlexander,"SELECT uuid FROM cards WHERE artist = ""Deruchenko Alexander"""
KirstenZirngibl,"SELECT uuid FROM cards WHERE artist = ""Kirsten Zirngibl"""
ChristopherBurdett,"SELECT uuid FROM cards WHERE artist = ""Christopher Burdett"""
RaoulVitale,"SELECT uuid FROM cards WHERE artist = ""Raoul Vitale"""
RaymondSwanland,"SELECT uuid FROM cards WHERE artist = ""Raymond Swanland"""
EytanZana,"SELECT uuid FROM cards WHERE artist = ""Eytan Zana"""
MathiasKollros,"SELECT uuid FROM cards WHERE artist = ""Mathias Kollros"""
DanielLjunggren,"SELECT uuid FROM cards WHERE artist = ""Daniel Ljunggren"""
ShreyaShetty,"SELECT uuid FROM cards WHERE artist = ""Shreya Shetty"""
TommyArnold,"SELECT uuid FROM cards WHERE artist = ""Tommy Arnold"""
MikeBierek,"SELECT uuid FROM cards WHERE artist = ""Mike Bierek"""
SungChoi,"SELECT uuid FROM cards WHERE artist = ""Sung Choi"""
SamBurley,"SELECT uuid FROM cards WHERE artist = ""Sam Burley"""
AdrianMajkrzak,"SELECT uuid FROM cards WHERE artist = ""Adrian Majkrzak"""
IgorKieryluk,"SELECT uuid FROM cards WHERE artist = ""Igor Kieryluk"""
MarkBehm,"SELECT uuid FROM cards WHERE artist = ""Mark Behm"""
FloriandeGesincourt,"SELECT uuid FROM cards WHERE artist = ""Florian de Gesincourt"""
LindseyLook,"SELECT uuid FROM cards WHERE artist = ""Lindsey Look"""
JosuHernaiz,"SELECT uuid FROM cards WHERE artist = ""Josu Hernaiz"""
DavidGaillet,"SELECT uuid FROM cards WHERE artist = ""David Gaillet"""
MarcoNelor,"SELECT uuid FROM cards WHERE artist = ""Marco Nelor"""
MikeBurns,"SELECT uuid FROM cards WHERE artist = ""Mike Burns"""
YohannSchepacz,"SELECT uuid FROM cards WHERE artist = ""Yohann Schepacz"""
DaveAllsop,"SELECT uuid FROM cards WHERE artist = ""Dave Allsop"""
MichaelRyan,"SELECT uuid FROM cards WHERE artist = ""Michael Ryan"""
SalVillagran,"SELECT uuid FROM cards WHERE artist = ""Sal Villagran"""
AnthonyFrancisco,"SELECT uuid FROM cards WHERE artist = ""Anthony Francisco"""
ColeEastburn,"SELECT uuid FROM cards WHERE artist = ""Cole Eastburn"""
JeanSbastienRossbach,"SELECT uuid FROM cards WHERE artist = ""Jean-Sébastien Rossbach"""
MarkHyzer,"SELECT uuid FROM cards WHERE artist = ""Mark Hyzer"""
AndrewMurray,"SELECT uuid FROM cards WHERE artist = ""Andrew Murray"""
DanSeagrave,"SELECT uuid FROM cards WHERE artist = ""Dan Seagrave"""
TrevorHairsine,"SELECT uuid FROM cards WHERE artist = ""Trevor Hairsine"""
DominickDomingo,"SELECT uuid FROM cards WHERE artist = ""Dominick Domingo"""
PaulBonner,"SELECT uuid FROM cards WHERE artist = ""Paul Bonner"""
MichaelBruinsma,"SELECT uuid FROM cards WHERE artist = ""Michael Bruinsma"""
MitchCotie,"SELECT uuid FROM cards WHERE artist = ""Mitch Cotie"""
JoshuaHagler,"SELECT uuid FROM cards WHERE artist = ""Joshua Hagler"""
AshWood,"SELECT uuid FROM cards WHERE artist = ""Ash Wood"""
JarreauWimberly,"SELECT uuid FROM cards WHERE artist = ""Jarreau Wimberly"""
ShellyWan,"SELECT uuid FROM cards WHERE artist = ""Shelly Wan"""
LawrenceSnelly,"SELECT uuid FROM cards WHERE artist = ""Lawrence Snelly"""
BryonWackwitz,"SELECT uuid FROM cards WHERE artist = ""Bryon Wackwitz"""
ZakPlucinskiDAlexanderGregory,"SELECT uuid FROM cards WHERE artist = ""Zak Plucinski & D. Alexander Gregory"""
BillSienkiewicz,"SELECT uuid FROM cards WHERE artist = ""Bill Sienkiewicz"""
DianaVick,"SELECT uuid FROM cards WHERE artist = ""Diana Vick"""
DenmanRooke,"SELECT uuid FROM cards WHERE artist = ""Denman Rooke"""
JPTargete,"SELECT uuid FROM cards WHERE artist = ""J.P. Targete"""
CaioMonteiro,"SELECT uuid FROM cards WHERE artist = ""Caio Monteiro"""
EvenAmundsen,"SELECT uuid FROM cards WHERE artist = ""Even Amundsen"""
AntonioJosManzanedo,"SELECT uuid FROM cards WHERE artist = ""Antonio José Manzanedo"""
LieSetiawan,"SELECT uuid FROM cards WHERE artist = ""Lie Setiawan"""
ChrisSeaman,"SELECT uuid FROM cards WHERE artist = ""Chris Seaman"""
ColinBoyer,"SELECT uuid FROM cards WHERE artist = ""Colin Boyer"""
TereseNielsenThomasMBaxa,"SELECT uuid FROM cards WHERE artist = ""Terese Nielsen & Thomas M. Baxa"""
RichardWhitters,"SELECT uuid FROM cards WHERE artist = ""Richard Whitters"""
PaulLee,"SELECT uuid FROM cards WHERE artist = ""Paul Lee"""
ChuckLukacs,"SELECT uuid FROM cards WHERE artist = ""Chuck Lukacs"""
AustinHsu,"SELECT uuid FROM cards WHERE artist = ""Austin Hsu"""
DavidDay,"SELECT uuid FROM cards WHERE artist = ""David Day"""
IanEdwardAmeling,"SELECT uuid FROM cards WHERE artist = ""Ian Edward Ameling"""
KristenBishop,"SELECT uuid FROM cards WHERE artist = ""Kristen Bishop"""
MichaelCHayes,"SELECT uuid FROM cards WHERE artist = ""Michael C. Hayes"""
CynthiaSheppard,"SELECT uuid FROM cards WHERE artist = ""Cynthia Sheppard"""
SamWolfeConnelly,"SELECT uuid FROM cards WHERE artist = ""Sam Wolfe Connelly"""
NicKlein,"SELECT uuid FROM cards WHERE artist = ""Nic Klein"""
GaborSzikszai,"SELECT uuid FROM cards WHERE artist = ""Gabor Szikszai"""
BudCook,"SELECT uuid FROM cards WHERE artist = ""Bud Cook"""
UriahVoth,"SELECT uuid FROM cards WHERE artist = ""Uriah Voth"""
JoeSlucher,"SELECT uuid FROM cards WHERE artist = ""Joe Slucher"""
EsadRibic,"SELECT uuid FROM cards WHERE artist = ""Esad Ribic"""
SamRowan,"SELECT uuid FROM cards WHERE artist = ""Sam Rowan"""
DmitryBurmak,"SELECT uuid FROM cards WHERE artist = ""Dmitry Burmak"""
SuzanneHelmigh,"SELECT uuid FROM cards WHERE artist = ""Suzanne Helmigh"""
JamesZapata,"SELECT uuid FROM cards WHERE artist = ""James Zapata"""
CarmenSinek,"SELECT uuid FROM cards WHERE artist = ""Carmen Sinek"""
LiviaPrima,"SELECT uuid FROM cards WHERE artist = ""Livia Prima"""
MitchellMalloy,"SELECT uuid FROM cards WHERE artist = ""Mitchell Malloy"""
DallasWilliams,"SELECT uuid FROM cards WHERE artist = ""Dallas Williams"""
BayardWu,"SELECT uuid FROM cards WHERE artist = ""Bayard Wu"""
AlexKonstad,"SELECT uuid FROM cards WHERE artist = ""Alex Konstad"""
ManuelCastan,"SELECT uuid FROM cards WHERE artist = ""Manuel Castañón"""
VroniqueMeignaud,"SELECT uuid FROM cards WHERE artist = ""Véronique Meignaud"""
RyanBarger,"SELECT uuid FROM cards WHERE artist = ""Ryan Barger"""
AlejandroMirabal,"SELECT uuid FROM cards WHERE artist = ""Alejandro Mirabal"""
AndreasRocha,"SELECT uuid FROM cards WHERE artist = ""Andreas Rocha"""
TianhuaX,"SELECT uuid FROM cards WHERE artist = ""Tianhua X"""
RobbieTrevino,"SELECT uuid FROM cards WHERE artist = ""Robbie Trevino"""
ChrisAppelhans,"SELECT uuid FROM cards WHERE artist = ""Chris Appelhans"""
Shishizaru,"SELECT uuid FROM cards WHERE artist = ""Shishizaru"""
TsutomuKawade,"SELECT uuid FROM cards WHERE artist = ""Tsutomu Kawade"""
CaraMitten,"SELECT uuid FROM cards WHERE artist = ""Cara Mitten"""
KeithGarletts,"SELECT uuid FROM cards WHERE artist = ""Keith Garletts"""
JiYong,"SELECT uuid FROM cards WHERE artist = ""Ji Yong"""
KuXueming,"SELECT uuid FROM cards WHERE artist = ""Ku Xueming"""
JeffLaubenstein,"SELECT uuid FROM cards WHERE artist = ""Jeff Laubenstein"""
HeJiancheng,"SELECT uuid FROM cards WHERE artist = ""He Jiancheng"""
MartinMcKenna,"SELECT uuid FROM cards WHERE artist = ""Martin McKenna"""
JanetAulisio,"SELECT uuid FROM cards WHERE artist = ""Janet Aulisio"""
EricDavidAnderson,"SELECT uuid FROM cards WHERE artist = ""Eric David Anderson"""
BryanTalbot,"SELECT uuid FROM cards WHERE artist = ""Bryan Talbot"""
MWKalutaDiTerlizzi,"SELECT uuid FROM cards WHERE artist = ""M. W. Kaluta & DiTerlizzi"""
JasperSandner,"SELECT uuid FROM cards WHERE artist = ""Jasper Sandner"""
WilliamWu,"SELECT uuid FROM cards WHERE artist = ""William Wu"""
JeremyEnecio,"SELECT uuid FROM cards WHERE artist = ""Jeremy Enecio"""
BrynnMetheney,"SELECT uuid FROM cards WHERE artist = ""Brynn Metheney"""
GaoJianzhang,"SELECT uuid FROM cards WHERE artist = ""Gao Jianzhang"""
XuXiaoming,"SELECT uuid FROM cards WHERE artist = ""Xu Xiaoming"""
CraigMullins,"SELECT uuid FROM cards WHERE artist = ""Craig Mullins"""
EfremPalacios,"SELECT uuid FROM cards WHERE artist = ""Efrem Palacios"""
LarryMacDougall,"SELECT uuid FROM cards WHERE artist = ""Larry MacDougall"""
SunNan,"SELECT uuid FROM cards WHERE artist = ""Sun Nan"""
ZhangJiazhen,"SELECT uuid FROM cards WHERE artist = ""Zhang Jiazhen"""
GoranJosic,"SELECT uuid FROM cards WHERE artist = ""Goran Josic"""
PatLewis,"SELECT uuid FROM cards WHERE artist = ""Pat Lewis"""
KekaiKotaki,"SELECT uuid FROM cards WHERE artist = ""Kekai Kotaki"""
EricFortune,"SELECT uuid FROM cards WHERE artist = ""Eric Fortune"""
UlrichBrunin,"SELECT uuid FROM cards WHERE artist = ""Ulrich Brunin"""
EricVelhagen,"SELECT uuid FROM cards WHERE artist = ""Eric Velhagen"""
HenryGHigginbotham,"SELECT uuid FROM cards WHERE artist = ""Henry G. Higginbotham"""
WhitBrachna,"SELECT uuid FROM cards WHERE artist = ""Whit Brachna"""
AlisaLee,"SELECT uuid FROM cards WHERE artist = ""Alisa Lee"""
BrandonDorman,"SELECT uuid FROM cards WHERE artist = ""Brandon Dorman"""
ScottHampton,"SELECT uuid FROM cards WHERE artist = ""Scott Hampton"""
PaoloParenteBrianSnddy,"SELECT uuid FROM cards WHERE artist = ""Paolo Parente & Brian Snõddy"""
OmarRayyan,"SELECT uuid FROM cards WHERE artist = ""Omar Rayyan"""
TereseNielsenRonSpencer,"SELECT uuid FROM cards WHERE artist = ""Terese Nielsen & Ron Spencer"""
RonBrown,"SELECT uuid FROM cards WHERE artist = ""Ron Brown"""
CharlesUrbach,"SELECT uuid FROM cards WHERE artist = ""Charles Urbach"""
YWTang,"SELECT uuid FROM cards WHERE artist = ""YW Tang"""
JeffSimpson,"SELECT uuid FROM cards WHERE artist = ""Jeff Simpson"""
AnthonyJones,"SELECT uuid FROM cards WHERE artist = ""Anthony Jones"""
BramSels,"SELECT uuid FROM cards WHERE artist = ""Bram Sels"""
AlaynaDanner,"SELECT uuid FROM cards WHERE artist = ""Alayna Danner"""
McLeanKendree,"SELECT uuid FROM cards WHERE artist = ""McLean Kendree"""
RobhRuppel,"SELECT uuid FROM cards WHERE artist = ""Robh Ruppel"""
SimonDominic,"SELECT uuid FROM cards WHERE artist = ""Simon Dominic"""
TomaFeizoGas,"SELECT uuid FROM cards WHERE artist = ""Toma Feizo Gas"""
DimitarMarinski,"SELECT uuid FROM cards WHERE artist = ""Dimitar Marinski"""
RandisAlbion,"SELECT uuid FROM cards WHERE artist = ""Randis Albion"""
StantonFeng,"SELECT uuid FROM cards WHERE artist = ""Stanton Feng"""
JennRavenna,"SELECT uuid FROM cards WHERE artist = ""Jenn Ravenna"""
SteveEllis,"SELECT uuid FROM cards WHERE artist = ""Steve Ellis"""
AlexanderForssberg,"SELECT uuid FROM cards WHERE artist = ""Alexander Forssberg"""
KariJohnson,"SELECT uuid FROM cards WHERE artist = ""Kari Johnson"""
WisnuTan,"SELECT uuid FROM cards WHERE artist = ""Wisnu Tan"""
EkaterinaBurmak,"SELECT uuid FROM cards WHERE artist = ""Ekaterina Burmak"""
RudySiswanto,"SELECT uuid FROM cards WHERE artist = ""Rudy Siswanto"""
ForrestImel,"SELECT uuid FROM cards WHERE artist = ""Forrest Imel"""
GhostLee,"SELECT uuid FROM cards WHERE artist = ""G-host Lee"""
PiotrDura,"SELECT uuid FROM cards WHERE artist = ""Piotr Dura"""
TorsteinNordstrand,"SELECT uuid FROM cards WHERE artist = ""Torstein Nordstrand"""
SeanMurray,"SELECT uuid FROM cards WHERE artist = ""Sean Murray"""
JohanGrenier,"SELECT uuid FROM cards WHERE artist = ""Johan Grenier"""
AnnaPodedworna,"SELECT uuid FROM cards WHERE artist = ""Anna Podedworna"""
DarrenTan,"SELECT uuid FROM cards WHERE artist = ""Darren Tan"""
GrafitArt,"SELECT uuid FROM cards WHERE artist = ""GrafitArt"""
CristiBalanescu,"SELECT uuid FROM cards WHERE artist = ""Cristi Balanescu"""
TedGaladay,"SELECT uuid FROM cards WHERE artist = ""Ted Galaday"""
SeanSevestre,"SELECT uuid FROM cards WHERE artist = ""Sean Sevestre"""
HeonhwaChoe,"SELECT uuid FROM cards WHERE artist = ""Heonhwa Choe"""
KensukeOkabayashi,"SELECT uuid FROM cards WHERE artist = ""Kensuke Okabayashi"""
HiroIzawa,"SELECT uuid FROM cards WHERE artist = ""Hiro Izawa"""
PatLee,"SELECT uuid FROM cards WHERE artist = ""Pat Lee"""
KhangLe,"SELECT uuid FROM cards WHERE artist = ""Khang Le"""
MiaoAili,"SELECT uuid FROM cards WHERE artist = ""Miao Aili"""
SolomonAuYeung,"SELECT uuid FROM cards WHERE artist = ""Solomon Au Yeung"""
FredHarper,"SELECT uuid FROM cards WHERE artist = ""Fred Harper"""
Ironbrush,"SELECT uuid FROM cards WHERE artist = ""Ironbrush"""
YoniSkolnik,"SELECT uuid FROM cards WHERE artist = ""Yoni Skolnik"""
JamesKooi,"SELECT uuid FROM cards WHERE artist = ""James Kooi"""
DemitriosFeredinos,"SELECT uuid FROM cards WHERE artist = ""Demitrios Feredinos"""
AlliMedwin,"SELECT uuid FROM cards WHERE artist = ""Alli Medwin"""
AliciaMickes,"SELECT uuid FROM cards WHERE artist = ""Alicia Mickes"""
TaylorIngvarsson,"SELECT uuid FROM cards WHERE artist = ""Taylor Ingvarsson"""
MattTabak,"SELECT uuid FROM cards WHERE artist = ""Matt Tabak"""
AnnieSardelis,"SELECT uuid FROM cards WHERE artist = ""Annie Sardelis"""
TaliaArmatoHelle,"SELECT uuid FROM cards WHERE artist = ""Talia Armato-Helle"""
JoshThomas,"SELECT uuid FROM cards WHERE artist = ""Josh Thomas"""
MarshaRivera,"SELECT uuid FROM cards WHERE artist = ""Marsha Rivera"""
JamesArnold,"SELECT uuid FROM cards WHERE artist = ""James Arnold"""
IraHumphrey,"SELECT uuid FROM cards WHERE artist = ""Ira Humphrey"""
NathanIanGreene,"SELECT uuid FROM cards WHERE artist = ""Nathan Ian Greene"""
DaveGeyer,"SELECT uuid FROM cards WHERE artist = ""Dave Geyer"""
BonnieGabriel,"SELECT uuid FROM cards WHERE artist = ""Bonnie Gabriel"""
GlennJones,"SELECT uuid FROM cards WHERE artist = ""Glenn Jones"""
StephanieMitchell,"SELECT uuid FROM cards WHERE artist = ""Stephanie Mitchell"""
GeorgeFan,"SELECT uuid FROM cards WHERE artist = ""George Fan"""
SeanMayovsky,"SELECT uuid FROM cards WHERE artist = ""Sean Mayovsky"""
MattSmith,"SELECT uuid FROM cards WHERE artist = ""Matt Smith"""
MadisonMosley,"SELECT uuid FROM cards WHERE artist = ""Madison Mosley"""
JadeGranger,"SELECT uuid FROM cards WHERE artist = ""Jade Granger"""
JoeTorra,"SELECT uuid FROM cards WHERE artist = ""Joe Torra"""
RebeccaOn,"SELECT uuid FROM cards WHERE artist = ""Rebecca On"""
ChrisMooney,"SELECT uuid FROM cards WHERE artist = ""Chris Mooney"""
AaronForsythe,"SELECT uuid FROM cards WHERE artist = ""Aaron Forsythe"""
MarkPurvis,"SELECT uuid FROM cards WHERE artist = ""Mark Purvis"""
GavinVerhey,"SELECT uuid FROM cards WHERE artist = ""Gavin Verhey"""
EmilyTeng,"SELECT uuid FROM cards WHERE artist = ""Emily Teng"""
JacobNourigat,"SELECT uuid FROM cards WHERE artist = ""Jacob Nourigat"""
MarkHeggen,"SELECT uuid FROM cards WHERE artist = ""Mark Heggen"""
MaryJosberger,"SELECT uuid FROM cards WHERE artist = ""Mary Josberger"""
DanielHolt,"SELECT uuid FROM cards WHERE artist = ""Daniel Holt"""
MatthewGregory,"SELECT uuid FROM cards WHERE artist = ""Matthew Gregory"""
MaxMcCall,"SELECT uuid FROM cards WHERE artist = ""Max McCall"""
OvidioCartagena,"SELECT uuid FROM cards WHERE artist = ""Ovidio Cartagena"""
JiachenTao,"SELECT uuid FROM cards WHERE artist = ""Jiachen Tao"""
ChrisBellach,"SELECT uuid FROM cards WHERE artist = ""Chris Bellach"""
CaseyGustafson,"SELECT uuid FROM cards WHERE artist = ""Casey Gustafson"""
GraemeHopkins,"SELECT uuid FROM cards WHERE artist = ""Graeme Hopkins"""
ScottVanEssen,"SELECT uuid FROM cards WHERE artist = ""Scott Van Essen"""
BrandiReece,"SELECT uuid FROM cards WHERE artist = ""Brandi Reece"""
MikeDemaine,"SELECT uuid FROM cards WHERE artist = ""Mike Demaine"""
JohnPenick,"SELECT uuid FROM cards WHERE artist = ""John Penick"""
AaronReed,"SELECT uuid FROM cards WHERE artist = ""Aaron Reed"""
SydneyAdams,"SELECT uuid FROM cards WHERE artist = ""Sydney Adams"""
DaveHumpherys,"SELECT uuid FROM cards WHERE artist = ""Dave Humpherys"""
ZachFrancks,"SELECT uuid FROM cards WHERE artist = ""Zach Francks"""
TrickJarrett,"SELECT uuid FROM cards WHERE artist = ""Trick Jarrett"""
MaxxMarshall,"SELECT uuid FROM cards WHERE artist = ""Maxx Marshall"""
MarkPrice,"SELECT uuid FROM cards WHERE artist = ""Mark Price"""
NickSoutham,"SELECT uuid FROM cards WHERE artist = ""Nick Southam"""
ChristineLeeRisinger,"SELECT uuid FROM cards WHERE artist = ""Christine Lee Risinger"""
RachelTurian,"SELECT uuid FROM cards WHERE artist = ""Rachel Turian"""
KenNagle,"SELECT uuid FROM cards WHERE artist = ""Ken Nagle"""
MarkRosewater,"SELECT uuid FROM cards WHERE artist = ""Mark Rosewater"""
PeteWhite,"SELECT uuid FROM cards WHERE artist = ""Pete White"""
FranciscoMartin,"SELECT uuid FROM cards WHERE artist = ""Francisco Martin"""
MerisMullaley,"SELECT uuid FROM cards WHERE artist = ""Meris Mullaley"""
JamesRose,"SELECT uuid FROM cards WHERE artist = ""James Rose"""
RobertJSchuster,"SELECT uuid FROM cards WHERE artist = ""Robert J Schuster"""
KatieAllison,"SELECT uuid FROM cards WHERE artist = ""Katie Allison"""
AlisonLuhrs,"SELECT uuid FROM cards WHERE artist = ""Alison Luhrs"""
CoreyBowen,"SELECT uuid FROM cards WHERE artist = ""Corey Bowen"""
MelissaDeTora,"SELECT uuid FROM cards WHERE artist = ""Melissa DeTora"""
NatalyAnderson,"SELECT uuid FROM cards WHERE artist = ""Nataly Anderson"""
ChrisKiritz,"SELECT uuid FROM cards WHERE artist = ""Chris Kiritz"""
ChrisHaukap,"SELECT uuid FROM cards WHERE artist = ""Chris Haukap"""
LukasLitzsinger,"SELECT uuid FROM cards WHERE artist = ""Lukas Litzsinger"""
BrendanSell,"SELECT uuid FROM cards WHERE artist = ""Brendan Sell"""
DavidMcDarby,"SELECT uuid FROM cards WHERE artist = ""David McDarby"""
KevinYee,"SELECT uuid FROM cards WHERE artist = ""Kevin Yee"""
SethConley,"SELECT uuid FROM cards WHERE artist = ""Seth Conley"""
SarahKeortge,"SELECT uuid FROM cards WHERE artist = ""Sarah Keortge"""
DanielKetchum,"SELECT uuid FROM cards WHERE artist = ""Daniel Ketchum"""
MarkLGottlieb,"SELECT uuid FROM cards WHERE artist = ""Mark L. Gottlieb"""
MattWarren,"SELECT uuid FROM cards WHERE artist = ""Matt Warren"""
LeviParker,"SELECT uuid FROM cards WHERE artist = ""Levi Parker"""
JeffStewart,"SELECT uuid FROM cards WHERE artist = ""Jeff Stewart"""
JustinCornell,"SELECT uuid FROM cards WHERE artist = ""Justin Cornell"""
VictoriaCaa,"SELECT uuid FROM cards WHERE artist = ""Victoria Caña"""
JeffCarpenter,"SELECT uuid FROM cards WHERE artist = ""Jeff Carpenter"""
HanspeterZiegler,"SELECT uuid FROM cards WHERE artist = ""Hanspeter Ziegler"""
NelsonBrown,"SELECT uuid FROM cards WHERE artist = ""Nelson Brown"""
KellyMcBride,"SELECT uuid FROM cards WHERE artist = ""Kelly McBride"""
EmilyMaltby,"SELECT uuid FROM cards WHERE artist = ""Emily Maltby"""
TaraRueping,"SELECT uuid FROM cards WHERE artist = ""Tara Rueping"""
EthanFleischer,"SELECT uuid FROM cards WHERE artist = ""Ethan Fleischer"""
SamStoddard,"SELECT uuid FROM cards WHERE artist = ""Sam Stoddard"""
SteveSunu,"SELECT uuid FROM cards WHERE artist = ""Steve Sunu"""
RyanPrintz,"SELECT uuid FROM cards WHERE artist = ""Ryan Printz"""
ChrisClay,"SELECT uuid FROM cards WHERE artist = ""Chris Clay"""
MollieHarms,"SELECT uuid FROM cards WHERE artist = ""Mollie Harms"""
ChrisTulach,"SELECT uuid FROM cards WHERE artist = ""Chris Tulach"""
AriNieh,"SELECT uuid FROM cards WHERE artist = ""Ari Nieh"""
DamianTedrow,"SELECT uuid FROM cards WHERE artist = ""Damian Tedrow"""
LucyMeaden,"SELECT uuid FROM cards WHERE artist = ""Lucy Meaden"""
PatrickKuhlman,"SELECT uuid FROM cards WHERE artist = ""Patrick Kuhlman"""
TylerWright,"SELECT uuid FROM cards WHERE artist = ""Tyler Wright"""
BrittanyAustin,"SELECT uuid FROM cards WHERE artist = ""Brittany Austin"""
KellyHamilton,"SELECT uuid FROM cards WHERE artist = ""Kelly Hamilton"""
ChadKanotz,"SELECT uuid FROM cards WHERE artist = ""Chad Kanotz"""
EliShiffrin,"SELECT uuid FROM cards WHERE artist = ""Eli Shiffrin"""
CodyCulp,"SELECT uuid FROM cards WHERE artist = ""Cody Culp"""
NickBartoletti,"SELECT uuid FROM cards WHERE artist = ""Nick Bartoletti"""
EvanShipard,"SELECT uuid FROM cards WHERE artist = ""Evan Shipard"""
AdiGranov,"SELECT uuid FROM cards WHERE artist = ""Adi Granov"""
BrianHagan,"SELECT uuid FROM cards WHERE artist = ""Brian Hagan"""
JulieDillon,"SELECT uuid FROM cards WHERE artist = ""Julie Dillon"""
JohnDonahue,"SELECT uuid FROM cards WHERE artist = ""John Donahue"""
ArielOlivetti,"SELECT uuid FROM cards WHERE artist = ""Ariel Olivetti"""
JeffNentrup,"SELECT uuid FROM cards WHERE artist = ""Jeff Nentrup"""
YokotaKatsumi,"SELECT uuid FROM cards WHERE artist = ""Yokota Katsumi"""
RebekahLynn,"SELECT uuid FROM cards WHERE artist = ""Rebekah Lynn"""
RickEmond,"SELECT uuid FROM cards WHERE artist = ""Rick Emond"""
YoshinoHimori,"SELECT uuid FROM cards WHERE artist = ""Yoshino Himori"""
MichaelDanza,"SELECT uuid FROM cards WHERE artist = ""Michael Danza"""
JeffReitz,"SELECT uuid FROM cards WHERE artist = ""Jeff Reitz"""
AltonLawson,"SELECT uuid FROM cards WHERE artist = ""Alton Lawson"""
Lubov,"SELECT uuid FROM cards WHERE artist = ""Lubov"""
WilliamSimpson,"SELECT uuid FROM cards WHERE artist = ""William Simpson"""
JustinNorman,"SELECT uuid FROM cards WHERE artist = ""Justin Norman"""
KevinDobler,"SELECT uuid FROM cards WHERE artist = ""Kevin Dobler"""
MarkHarrison,"SELECT uuid FROM cards WHERE artist = ""Mark Harrison"""
MaciejKuciara,"SELECT uuid FROM cards WHERE artist = ""Maciej Kuciara"""
ThomasDenmark,"SELECT uuid FROM cards WHERE artist = ""Thomas Denmark"""
BenWootten,"SELECT uuid FROM cards WHERE artist = ""Ben Wootten"""
LiamSharp,"SELECT uuid FROM cards WHERE artist = ""Liam Sharp"""
FredHooper,"SELECT uuid FROM cards WHERE artist = ""Fred Hooper"""
JeremyJarvisWayneReynolds,"SELECT uuid FROM cards WHERE artist = ""Jeremy Jarvis & Wayne Reynolds"""
RonSpearsWayneReynolds,"SELECT uuid FROM cards WHERE artist = ""Ron Spears & Wayne Reynolds"""
NNThomasCatherineBuck,"SELECT uuid FROM cards WHERE artist = ""NéNé Thomas & Catherine Buck"""
XiaoDiJin,"SELECT uuid FROM cards WHERE artist = ""XiaoDi Jin"""
TylerWalpole,"SELECT uuid FROM cards WHERE artist = ""Tyler Walpole"""
RafSarmento,"SELECT uuid FROM cards WHERE artist = ""Raf Sarmento"""
AlexBrock,"SELECT uuid FROM cards WHERE artist = ""Alex Brock"""
MilaPesic,"SELECT uuid FROM cards WHERE artist = ""Mila Pesic"""
IrisCompiet,"SELECT uuid FROM cards WHERE artist = ""Iris Compiet"""
Milivojeran,"SELECT uuid FROM cards WHERE artist = ""Milivoj Ćeran"""
JeremyWilson,"SELECT uuid FROM cards WHERE artist = ""Jeremy Wilson"""
ChrisOstrowski,"SELECT uuid FROM cards WHERE artist = ""Chris Ostrowski"""
WylieBeckert,"SELECT uuid FROM cards WHERE artist = ""Wylie Beckert"""
PaulScottCanavan,"SELECT uuid FROM cards WHERE artist = ""Paul Scott Canavan"""
NicholasGregory,"SELECT uuid FROM cards WHERE artist = ""Nicholas Gregory"""
BenMaier,"SELECT uuid FROM cards WHERE artist = ""Ben Maier"""
ShawnWood,"SELECT uuid FROM cards WHERE artist = ""Shawn Wood"""
IrinaNordsol,"SELECT uuid FROM cards WHERE artist = ""Irina Nordsol"""
KimonasTheodossiou,"SELECT uuid FROM cards WHERE artist = ""Kimonas Theodossiou"""
MicahEpstein,"SELECT uuid FROM cards WHERE artist = ""Micah Epstein"""
JanaSchirmer,"SELECT uuid FROM cards WHERE artist = ""Jana Schirmer"""
MirandaMeeks,"SELECT uuid FROM cards WHERE artist = ""Miranda Meeks"""
MaddieJulyk,"SELECT uuid FROM cards WHERE artist = ""Maddie Julyk"""
EmrahElmasli,"SELECT uuid FROM cards WHERE artist = ""Emrah Elmasli"""
OlenaRichards,"SELECT uuid FROM cards WHERE artist = ""Olena Richards"""
KariChristensen,"SELECT uuid FROM cards WHERE artist = ""Kari Christensen"""
JoseCabrera,"SELECT uuid FROM cards WHERE artist = ""Jose Cabrera"""
JohnHoweLorywn,"SELECT uuid FROM cards WHERE artist = ""John Howe (Lorywn)"""
ScottAltmann,"SELECT uuid FROM cards WHERE artist = ""Scott Altmann"""
KevinMcCann,"SELECT uuid FROM cards WHERE artist = ""Kevin McCann"""
YefimKligerman,"SELECT uuid FROM cards WHERE artist = ""Yefim Kligerman"""
DavidSeguin,"SELECT uuid FROM cards WHERE artist = ""David Seguin"""
JamesKei,"SELECT uuid FROM cards WHERE artist = ""James Kei"""
DavidHudnut,"SELECT uuid FROM cards WHERE artist = ""David Hudnut"""
ChrisJAnderson,"SELECT uuid FROM cards WHERE artist = ""Chris J. Anderson"""
JustinMurray,"SELECT uuid FROM cards WHERE artist = ""Justin Murray"""
AprilLee,"SELECT uuid FROM cards WHERE artist = ""April Lee"""
YigitKoroglu,"SELECT uuid FROM cards WHERE artist = ""Yigit Koroglu"""
MilesJohnston,"SELECT uuid FROM cards WHERE artist = ""Miles Johnston"""
GlennFabry,"SELECT uuid FROM cards WHERE artist = ""Glenn Fabry"""
JamesWong,"SELECT uuid FROM cards WHERE artist = ""James Wong"""
JeddChevrier,"SELECT uuid FROM cards WHERE artist = ""Jedd Chevrier"""
JohnThacker,"SELECT uuid FROM cards WHERE artist = ""John Thacker"""
WolkSheep,"SELECT uuid FROM cards WHERE artist = ""Wolk Sheep"""
ShinchuenChen,"SELECT uuid FROM cards WHERE artist = ""Shinchuen Chen"""
TingtingYeh,"SELECT uuid FROM cards WHERE artist = ""Tingting Yeh"""
XinYuLiu,"SELECT uuid FROM cards WHERE artist = ""Xin-Yu Liu"""
YutakaLi,"SELECT uuid FROM cards WHERE artist = ""Yutaka Li"""
KeeLo,"SELECT uuid FROM cards WHERE artist = ""Kee Lo"""
TanYanYao,"SELECT uuid FROM cards WHERE artist = ""Tan Yan Yao"""
PonLee,"SELECT uuid FROM cards WHERE artist = ""Pon Lee"""
QiuDeEn,"SELECT uuid FROM cards WHERE artist = ""Qiu De En"""
BabysonChenUzhenLin,"SELECT uuid FROM cards WHERE artist = ""Babyson Chen & Uzhen Lin"""
GagaZeng,"SELECT uuid FROM cards WHERE artist = ""Gaga Zeng"""
FredRahmqvist,"SELECT uuid FROM cards WHERE artist = ""Fred Rahmqvist"""
PiotrJaboski,"SELECT uuid FROM cards WHERE artist = ""Piotr Jabłoński"""
YoichiIto,"SELECT uuid FROM cards WHERE artist = ""Yoichi Ito"""
LizDanforthDouglasShuler,"SELECT uuid FROM cards WHERE artist = ""Liz Danforth & Douglas Shuler"""
JamesErnest,"SELECT uuid FROM cards WHERE artist = ""James Ernest"""
AmyWeberTomWnerstrand,"SELECT uuid FROM cards WHERE artist = ""Amy Weber & Tom Wänerstrand"""
NNThomasPhillipMosness,"SELECT uuid FROM cards WHERE artist = ""NéNé Thomas & Phillip Mosness"""
BD,"SELECT uuid FROM cards WHERE artist = ""BD"""
JacquesBredy,"SELECT uuid FROM cards WHERE artist = ""Jacques Bredy"""
StephanieLaw,"SELECT uuid FROM cards WHERE artist = ""Stephanie Law"""
MarkEvans,"SELECT uuid FROM cards WHERE artist = ""Mark Evans"""
MitsuakiSagiri,"SELECT uuid FROM cards WHERE artist = ""Mitsuaki Sagiri"""
FangYue,"SELECT uuid FROM cards WHERE artist = ""Fang Yue"""
LiTie,"SELECT uuid FROM cards WHERE artist = ""Li Tie"""
JackWei,"SELECT uuid FROM cards WHERE artist = ""Jack Wei"""
TomBabbey,"SELECT uuid FROM cards WHERE artist = ""Tom Babbey"""
TereseNielsenPhilipTan,"SELECT uuid FROM cards WHERE artist = ""Terese Nielsen & Philip Tan"""
PaulChadwick,"SELECT uuid FROM cards WHERE artist = ""Paul Chadwick"""
jD,"SELECT uuid FROM cards WHERE artist = ""jD"""
MattCavottaRichardWhitters,"SELECT uuid FROM cards WHERE artist = ""Matt Cavotta & Richard Whitters"""
IoanDumitrescu,"SELECT uuid FROM cards WHERE artist = ""Ioan Dumitrescu"""
Pindurski,"SELECT uuid FROM cards WHERE artist = ""Pindurski"""
CosKoniotis,"SELECT uuid FROM cards WHERE artist = ""Cos Koniotis"""
YangJunKwon,"SELECT uuid FROM cards WHERE artist = ""Yang Jun Kwon"""
YangHong,"SELECT uuid FROM cards WHERE artist = ""Yang Hong"""
LiYousong,"SELECT uuid FROM cards WHERE artist = ""Li Yousong"""
ChenWeidong,"SELECT uuid FROM cards WHERE artist = ""Chen Weidong"""
InoueJunichi,"SELECT uuid FROM cards WHERE artist = ""Inoue Junichi"""
ShangHuitong,"SELECT uuid FROM cards WHERE artist = ""Shang Huitong"""
LiWang,"SELECT uuid FROM cards WHERE artist = ""Li Wang"""
TangXiaogu,"SELECT uuid FROM cards WHERE artist = ""Tang Xiaogu"""
HuangQishi,"SELECT uuid FROM cards WHERE artist = ""Huang Qishi"""
KangYu,"SELECT uuid FROM cards WHERE artist = ""Kang Yu"""
YangGuangmai,"SELECT uuid FROM cards WHERE artist = ""Yang Guangmai"""
LiuShangying,"SELECT uuid FROM cards WHERE artist = ""Liu Shangying"""
Jiaming,"SELECT uuid FROM cards WHERE artist = ""Jiaming"""
QinJun,"SELECT uuid FROM cards WHERE artist = ""Qin Jun"""
HongYan,"SELECT uuid FROM cards WHERE artist = ""Hong Yan"""
LiXiaohua,"SELECT uuid FROM cards WHERE artist = ""Li Xiaohua"""
LHQ,"SELECT uuid FROM cards WHERE artist = ""LHQ"""
WangChuxiong,"SELECT uuid FROM cards WHERE artist = ""Wang Chuxiong"""
QuXin,"SELECT uuid FROM cards WHERE artist = ""Qu Xin"""
LiYouliang,"SELECT uuid FROM cards WHERE artist = ""Li Youliang"""
WangFeng,"SELECT uuid FROM cards WHERE artist = ""Wang Feng"""
XuTan,"SELECT uuid FROM cards WHERE artist = ""Xu Tan"""
JiangZhuqing,"SELECT uuid FROM cards WHERE artist = ""Jiang Zhuqing"""
QiBaocheng,"SELECT uuid FROM cards WHERE artist = ""Qi Baocheng"""
CrisDornaus,"SELECT uuid FROM cards WHERE artist = ""Cris Dornaus"""
WangYuqun,"SELECT uuid FROM cards WHERE artist = ""Wang Yuqun"""
StuartBeel,"SELECT uuid FROM cards WHERE artist = ""Stuart Beel"""
Jock,"SELECT uuid FROM cards WHERE artist = ""Jock"""
KathrynRathke,"SELECT uuid FROM cards WHERE artist = ""Kathryn Rathke"""
JenniferLaw,"SELECT uuid FROM cards WHERE artist = ""Jennifer Law"""
JuniorTomlin,"SELECT uuid FROM cards WHERE artist = ""Junior Tomlin"""
JohnMalloy,"SELECT uuid FROM cards WHERE artist = ""John Malloy"""
ClydeCaldwell,"SELECT uuid FROM cards WHERE artist = ""Clyde Caldwell"""
DanielRHorne,"SELECT uuid FROM cards WHERE artist = ""Daniel R. Horne"""
TerrySpringer,"SELECT uuid FROM cards WHERE artist = ""Terry Springer"""
DavidMonette,"SELECT uuid FROM cards WHERE artist = ""David Monette"""
SeanMcConnell,"SELECT uuid FROM cards WHERE artist = ""Sean McConnell"""
FrankKellyFreas,"SELECT uuid FROM cards WHERE artist = ""Frank Kelly Freas"""
QuintonHooverValMayerik,"SELECT uuid FROM cards WHERE artist = ""Quinton Hoover & Val Mayerik"""
LouHarrison,"SELECT uuid FROM cards WHERE artist = ""Lou Harrison"""
JeffRemmer,"SELECT uuid FROM cards WHERE artist = ""Jeff Remmer"""
YanLi,"SELECT uuid FROM cards WHERE artist = ""Yan Li"""
HenryVanDerLinde,"SELECT uuid FROM cards WHERE artist = ""Henry Van Der Linde"""
DavidHorne,"SELECT uuid FROM cards WHERE artist = ""David Horne"""
MattStawicki,"SELECT uuid FROM cards WHERE artist = ""Matt Stawicki"""
MichaelWeaver,"SELECT uuid FROM cards WHERE artist = ""Michael Weaver"""
MarkItstehDEENTedin,"SELECT uuid FROM cards WHERE artist = ""Mark “It’s teh-DEEN” Tedin"""
DonThompson,"SELECT uuid FROM cards WHERE artist = ""Don Thompson"""
SusanGarfield,"SELECT uuid FROM cards WHERE artist = ""Susan Garfield"""
RobotChicken,"SELECT uuid FROM cards WHERE artist = ""Robot Chicken"""
MoniqueThirifay,"SELECT uuid FROM cards WHERE artist = ""Monique Thirifay"""
MichaelWhelan,"SELECT uuid FROM cards WHERE artist = ""Michael Whelan"""
WesleyBurt,"SELECT uuid FROM cards WHERE artist = ""Wesley Burt & コーヘー"""
UDON,"SELECT uuid FROM cards WHERE artist = ""UDON"""
BillyChristian,"SELECT uuid FROM cards WHERE artist = ""Billy Christian"""
AiDesheng,"SELECT uuid FROM cards WHERE artist = ""Ai Desheng"""
JaeLee,"SELECT uuid FROM cards WHERE artist = ""Jae Lee"""
JenniferLMeyer,"SELECT uuid FROM cards WHERE artist = ""Jennifer L. Meyer"""
AndreaRadeck,"SELECT uuid FROM cards WHERE artist = ""Andrea Radeck"""
MarcoTeixeira,"SELECT uuid FROM cards WHERE artist = ""Marco Teixeira"""
QuanXuejun,"SELECT uuid FROM cards WHERE artist = ""Quan Xuejun"""
KuangSheng,"SELECT uuid FROM cards WHERE artist = ""Kuang Sheng"""
DingSongjian,"SELECT uuid FROM cards WHERE artist = ""Ding Songjian"""
Koji,"SELECT uuid FROM cards WHERE artist = ""Koji"""
CaiTingting,"SELECT uuid FROM cards WHERE artist = ""Cai Tingting"""
ZhaoTan,"SELECT uuid FROM cards WHERE artist = ""Zhao Tan"""
LiuJianjian,"SELECT uuid FROM cards WHERE artist = ""Liu Jianjian"""
LinYan,"SELECT uuid FROM cards WHERE artist = ""Lin Yan"""
MihoMidorikawa,"SELECT uuid FROM cards WHERE artist = ""Miho Midorikawa"""
Sansyu,"SELECT uuid FROM cards WHERE artist = ""Sansyu"""
Dsuzuki,"SELECT uuid FROM cards WHERE artist = ""D-suzuki"""
HozanShinomaru,"SELECT uuid FROM cards WHERE artist = ""Hozan Shinomaru"""
RyotaH,"SELECT uuid FROM cards WHERE artist = ""Ryota-H"""
HagiyaKaoru,"SELECT uuid FROM cards WHERE artist = ""Hagiya Kaoru"""
RaitaKazama,"SELECT uuid FROM cards WHERE artist = ""Raita Kazama"""
Nablange,"SELECT uuid FROM cards WHERE artist = ""Nablange"""
Tada,"SELECT uuid FROM cards WHERE artist = ""Tada"""
MasudaMikio,"SELECT uuid FROM cards WHERE artist = ""Masuda Mikio"""
ToshiakiTakayama,"SELECT uuid FROM cards WHERE artist = ""Toshiaki Takayama"""
MaekawaYuichi,"SELECT uuid FROM cards WHERE artist = ""Maekawa Yuichi"""
DaisukeIzuka,"SELECT uuid FROM cards WHERE artist = ""Daisuke Izuka"""
NaochikaMorishita,"SELECT uuid FROM cards WHERE artist = ""Naochika Morishita"""
Mid,"SELECT uuid FROM cards WHERE artist = ""Mid"""
YamamotoAkifumi,"SELECT uuid FROM cards WHERE artist = ""Yamamoto Akifumi"""
YoshitakaAmano,"SELECT uuid FROM cards WHERE artist = ""Yoshitaka Amano"""
YukieTajima,"SELECT uuid FROM cards WHERE artist = ""Yukie Tajima"""
FooMidori,"SELECT uuid FROM cards WHERE artist = ""Foo Midori"""
KaidaYuji,"SELECT uuid FROM cards WHERE artist = ""Kaida Yuji"""
Hitowa,"SELECT uuid FROM cards WHERE artist = ""Hitowa"""
HisashiMomose,"SELECT uuid FROM cards WHERE artist = ""Hisashi Momose"""
NorikatsuMiyoshi,"SELECT uuid FROM cards WHERE artist = ""Norikatsu Miyoshi"""
Lack,"SELECT uuid FROM cards WHERE artist = ""Lack"""
Fuzichoco,"SELECT uuid FROM cards WHERE artist = ""Fuzichoco"""
CloverK,"SELECT uuid FROM cards WHERE artist = ""Clover.K"""
RyotaMurayama,"SELECT uuid FROM cards WHERE artist = ""Ryota Murayama"""
JaredBlando,"SELECT uuid FROM cards WHERE artist = ""Jared Blando"""
RickOBrien,"SELECT uuid FROM cards WHERE artist = ""Rick O'Brien"""
JenPage,"SELECT uuid FROM cards WHERE artist = ""Jen Page"""
ChengoMcFlingers,"SELECT uuid FROM cards WHERE artist = ""Chengo McFlingers"""
ChrisDien,"SELECT uuid FROM cards WHERE artist = ""Chris Dien"""
EricaGassalascaJape,"SELECT uuid FROM cards WHERE artist = ""Erica Gassalasca-Jape"""
EricaWilliams,"SELECT uuid FROM cards WHERE artist = ""Erica Williams"""
DanMumford,"SELECT uuid FROM cards WHERE artist = ""Dan Mumford"""
MikeUziel,"SELECT uuid FROM cards WHERE artist = ""Mike Uziel"""
JungShan,"SELECT uuid FROM cards WHERE artist = ""JungShan"""
JakobEirich,"SELECT uuid FROM cards WHERE artist = ""Jakob Eirich"""
FionaHsieh,"SELECT uuid FROM cards WHERE artist = ""Fiona Hsieh"""
AllisonCarl,"SELECT uuid FROM cards WHERE artist = ""Allison Carl"""
KisungKoh,"SELECT uuid FROM cards WHERE artist = ""Kisung Koh"""
JustineJones,"SELECT uuid FROM cards WHERE artist = ""Justine Jones"""
KristinaCollantes,"SELECT uuid FROM cards WHERE artist = ""Kristina Collantes"""
DXTR,"SELECT uuid FROM cards WHERE artist = ""DXTR"""
LaurenYS,"SELECT uuid FROM cards WHERE artist = ""Lauren YS"""
JaimeAZuverza,"SELECT uuid FROM cards WHERE artist = ""Jaime A. Zuverza"""
EricPolak,"SELECT uuid FROM cards WHERE artist = ""Eric Polak"""
CarolineGariba,"SELECT uuid FROM cards WHERE artist = ""Caroline Gariba"""
JinhoBae,"SELECT uuid FROM cards WHERE artist = ""Jinho Bae"""
CampbellWhite,"SELECT uuid FROM cards WHERE artist = ""Campbell White"""
BrianValeza,"SELECT uuid FROM cards WHERE artist = ""Brian Valeza"""
EvynFong,"SELECT uuid FROM cards WHERE artist = ""Evyn Fong"""
MichelleParisi,"SELECT uuid FROM cards WHERE artist = ""Michelle Parisi"""
SueEllenBrown,"SELECT uuid FROM cards WHERE artist = ""Sue Ellen Brown"""
GregSpalenka,"SELECT uuid FROM cards WHERE artist = ""Greg Spalenka"""
DAlexanderGregoryJeremyJarvis,"SELECT uuid FROM cards WHERE artist = ""D. Alexander Gregory & Jeremy Jarvis"""
ChippyMatthewDWilson,"SELECT uuid FROM cards WHERE artist = ""Chippy & Matthew D. Wilson"""
ClaymoreJFlapdoodle,"SELECT uuid FROM cards WHERE artist = ""Claymore J. Flapdoodle"""
MattDixon,"SELECT uuid FROM cards WHERE artist = ""Matt Dixon"""
DavidSladek,"SELECT uuid FROM cards WHERE artist = ""David Sladek"""
MattGaser,"SELECT uuid FROM cards WHERE artist = ""Matt Gaser"""
DavidHelpMeMartin,"SELECT uuid FROM cards WHERE artist = ""David “Help Me” Martin"""
HeatherEricaGassalascaJapeHudson,"SELECT uuid FROM cards WHERE artist = ""Heather “Erica Gassalasca-Jape” Hudson"""
EvkayAlkerway,"SELECT uuid FROM cards WHERE artist = ""Evkay Alkerway"""
RonDontYouDareChangeMeSpears,"SELECT uuid FROM cards WHERE artist = ""Ron “Don't You Dare Change Me” Spears"""
DavidBeeblemaniaMartin,"SELECT uuid FROM cards WHERE artist = ""David “Beeblemania” Martin"""
JimStoptheDaVinciBeatdownPavelec,"SELECT uuid FROM cards WHERE artist = ""Jim “Stop the Da Vinci Beatdown” Pavelec"""
PeteFearMeVenters,"SELECT uuid FROM cards WHERE artist = ""Pete “Fear Me” Venters"""
ThomasManning,"SELECT uuid FROM cards WHERE artist = ""Thomas Manning"""
PeteYestheUrzasLegacyOneVenters,"SELECT uuid FROM cards WHERE artist = ""Pete “Yes the Urza's Legacy One” Venters"""
RonLemen,"SELECT uuid FROM cards WHERE artist = ""Ron Lemen"""
EdwardPFeedMeBeardJr,"SELECT uuid FROM cards WHERE artist = ""Edward P. “Feed Me” Beard, Jr."""
AlanDontFeelLikeYouHavetoPickMePollack,"SELECT uuid FROM cards WHERE artist = ""Alan “Don't Feel Like You Have to Pick Me” Pollack"""
WayneKingofEngland,"SELECT uuid FROM cards WHERE artist = ""Wayne “King of” England"""
GregSixPackStaples,"SELECT uuid FROM cards WHERE artist = ""Greg “Six-Pack” Staples"""
PaoloThatsActuallyMeParente,"SELECT uuid FROM cards WHERE artist = ""Paolo “That's Actually Me” Parente"""
RebeccaDontMesswithMeGuay,"SELECT uuid FROM cards WHERE artist = ""Rebecca “Don't Mess with Me” Guay"""
LarsGrantWildWildWest,"SELECT uuid FROM cards WHERE artist = ""Lars Grant-“Wild Wild”-West"""
MattImYourBoyCavotta,"SELECT uuid FROM cards WHERE artist = ""Matt “I'm Your Boy” Cavotta"""
VincentEvans,"SELECT uuid FROM cards WHERE artist = ""Vincent Evans"""
HectorOrtiz,"SELECT uuid FROM cards WHERE artist = ""Hector Ortiz"""
NathalieHertz,"SELECT uuid FROM cards WHERE artist = ""Nathalie Hertz"""
GaryGianni,"SELECT uuid FROM cards WHERE artist = ""Gary Gianni"""
OmahaPrez,"SELECT uuid FROM cards WHERE artist = ""Omaha Pérez"""
StephenLWalsh,"SELECT uuid FROM cards WHERE artist = ""Stephen L. Walsh"""
KiplingWest,"SELECT uuid FROM cards WHERE artist = ""Kipling West"""
RogrioVilela,"SELECT uuid FROM cards WHERE artist = ""Rogério Vilela"""
DarburyStenderu,"SELECT uuid FROM cards WHERE artist = ""Darbury Stenderu"""
